{"precision": 0.6067839195979899, "recall": 0.5057591623036649, "f1": 0.5516847515705311, "details": {"payments_name": 0.2983870967741935, "payments_transaction_amount": 0.7107438016528925, "missing": 0, "payments_transaction_action": 0.6688311688311689, "payments_bill_type": 0.7010309278350516, "payments_bill_action": 0.8571428571428571, "payments_navigation_target": 0.6368159203980099}}