{"precision": 0.6200716845878136, "recall": 0.5295918367346939, "f1": 0.5712713263621354, "details": {"payments_transaction_amount": 0.7730829420970265, "payments_name": 0.30327868852459017, "missing": 0, "payments_transaction_action": 0.662379421221865, "payments_bill_type": 0.6792452830188679, "payments_bill_action": 0.8421052631578947, "payments_navigation_target": 0.6153846153846153}}