{"precision": 0.660460021905805, "recall": 0.6184615384615385, "f1": 0.6387711864406779, "details": {"payments_transaction_amount": 0.7964071856287426, "payments_transaction_action": 0.7102803738317757, "payments_name": 0.657439446366782, "missing": 0, "payments_navigation_target": 0.62, "payments_bill_type": 0.6990291262135921, "payments_bill_action": 0.8219178082191781}}