{"precision": 0.5714285714285714, "recall": 0.5217391304347826, "f1": 0.5454545454545454, "details": {"payments_transaction_amount": 0.6666666666666666, "payments_transaction_action": 0.75, "payments_name": 0.6666666666666666, "missing": 0, "payments_navigation_target": 0}}