{"0": {"precision": 0.5, "recall": 0.3333333333333333, "f1-score": 0.4, "support": 24}, "1": {"precision": 0.8, "recall": 0.8301886792452831, "f1-score": 0.8148148148148149, "support": 53}, "2": {"precision": 0.9270833333333334, "recall": 0.5085714285714286, "f1-score": 0.6568265682656826, "support": 175}, "3": {"precision": 0.7055214723926381, "recall": 0.9583333333333334, "f1-score": 0.8127208480565372, "support": 240}, "4": {"precision": 0.0, "recall": 0.0, "f1-score": 0.0, "support": 2}, "accuracy": 0.7510121457489879, "macro avg": {"precision": 0.5865209611451943, "recall": 0.5260853548966756, "f1-score": 0.5368724462274069, "support": 494}, "weighted avg": {"precision": 0.7813051350355597, "recall": 0.7510121457489879, "f1-score": 0.73437821490941, "support": 494}}