{"1": {"precision": 0.0, "recall": 0.0, "f1-score": 0.0, "support": 1}, "2": {"precision": 1.0, "recall": 0.3333333333333333, "f1-score": 0.5, "support": 3}, "3": {"precision": 0.6666666666666666, "recall": 1.0, "f1-score": 0.8, "support": 6}, "accuracy": 0.7, "macro avg": {"precision": 0.5555555555555555, "recall": 0.4444444444444444, "f1-score": 0.43333333333333335, "support": 10}, "weighted avg": {"precision": 0.7, "recall": 0.7, "f1-score": 0.6300000000000001, "support": 10}}