{"0": {"precision": 0.2413793103448276, "recall": 0.2916666666666667, "f1-score": 0.26415094339622647, "support": 24}, "1": {"precision": 0.7321428571428571, "recall": 0.7735849056603774, "f1-score": 0.7522935779816513, "support": 53}, "2": {"precision": 0.9239130434782609, "recall": 0.4857142857142857, "f1-score": 0.6367041198501873, "support": 175}, "3": {"precision": 0.6845425867507886, "recall": 0.9041666666666667, "f1-score": 0.7791741472172352, "support": 240}, "4": {"precision": 0.0, "recall": 0.0, "f1-score": 0.0, "support": 2}, "accuracy": 0.708502024291498, "macro avg": {"precision": 0.5163955595433468, "recall": 0.4910265049415993, "f1-score": 0.48646455768906005, "support": 494}, "weighted avg": {"precision": 0.750145097784883, "recall": 0.708502024291498, "f1-score": 0.6976441266810853, "support": 494}}