{"0": {"precision": 0.5, "recall": 0.3333333333333333, "f1-score": 0.4, "support": 24}, "1": {"precision": 0.8, "recall": 0.8301886792452831, "f1-score": 0.8148148148148149, "support": 53}, "2": {"precision": 0.9263157894736842, "recall": 0.5028571428571429, "f1-score": 0.6518518518518519, "support": 175}, "3": {"precision": 0.7033639143730887, "recall": 0.9583333333333334, "f1-score": 0.8112874779541446, "support": 240}, "4": {"precision": 0.0, "recall": 0.0, "f1-score": 0.0, "support": 2}, "accuracy": 0.7489878542510121, "macro avg": {"precision": 0.5859359407693546, "recall": 0.5249424977538185, "f1-score": 0.5355908289241622, "support": 494}, "weighted avg": {"precision": 0.7799850255211256, "recall": 0.7489878542510121, "f1-score": 0.7319195424458583, "support": 494}}