{"1": {"precision": 0.0, "recall": 0.0, "f1-score": 0.0, "support": 1}, "2": {"precision": 0.0, "recall": 0.0, "f1-score": 0.0, "support": 3}, "3": {"precision": 0.6666666666666666, "recall": 1.0, "f1-score": 0.8, "support": 6}, "accuracy": 0.6, "macro avg": {"precision": 0.2222222222222222, "recall": 0.3333333333333333, "f1-score": 0.26666666666666666, "support": 10}, "weighted avg": {"precision": 0.4, "recall": 0.6, "f1-score": 0.4800000000000001, "support": 10}}