{"precision": 0.6670317634173056, "recall": 0.6239754098360656, "f1": 0.6447856008470091, "details": {"payments_name": 0.662020905923345, "missing": 0, "payments_transaction_action": 0.7124999999999999, "payments_transaction_amount": 0.8071216617210681, "payments_navigation_target": 0.6169154228855722, "payments_bill_type": 0.6990291262135921, "payments_bill_action": 0.8219178082191781}}