{"precision": 0.6600660066006601, "recall": 0.6153846153846154, "f1": 0.6369426751592357, "details": {"payments_transaction_amount": 0.7927927927927928, "payments_transaction_action": 0.7102803738317757, "payments_name": 0.6597222222222222, "missing": 0, "payments_navigation_target": 0.62, "payments_bill_type": 0.6990291262135921, "payments_bill_action": 0.8055555555555556}}