{"precision": 0.6611842105263158, "recall": 0.6184615384615385, "f1": 0.6391096979332274, "details": {"payments_name": 0.6597222222222222, "missing": 0, "payments_transaction_action": 0.7102803738317757, "payments_transaction_amount": 0.7964071856287426, "payments_navigation_target": 0.62, "payments_bill_type": 0.6990291262135921, "payments_bill_action": 0.8219178082191781}}