{"precision": 0.6242568370986921, "recall": 0.5401234567901234, "f1": 0.5791505791505791, "details": {"payments_name": 0.3020408163265306, "payments_transaction_amount": 0.7925696594427245, "missing": 0, "payments_transaction_action": 0.6645161290322581, "payments_bill_type": 0.6732673267326732, "payments_bill_action": 0.8493150684931505, "payments_navigation_target": 0.6183574879227053}}