{"0": {"precision": 0.21428571428571427, "recall": 0.25, "f1-score": 0.23076923076923075, "support": 24}, "1": {"precision": 0.7288135593220338, "recall": 0.8113207547169812, "f1-score": 0.7678571428571428, "support": 53}, "2": {"precision": 0.9285714285714286, "recall": 0.52, "f1-score": 0.6666666666666666, "support": 175}, "3": {"precision": 0.7022653721682848, "recall": 0.9041666666666667, "f1-score": 0.7905282331511839, "support": 240}, "4": {"precision": 0.0, "recall": 0.0, "f1-score": 0.0, "support": 2}, "accuracy": 0.7226720647773279, "macro avg": {"precision": 0.5147872148694923, "recall": 0.4970974842767296, "f1-score": 0.4911642546888448, "support": 494}, "weighted avg": {"precision": 0.7587321156018487, "recall": 0.7226720647773279, "f1-score": 0.7138225358964392, "support": 494}}