{"0": {"precision": 0.2413793103448276, "recall": 0.2916666666666667, "f1-score": 0.26415094339622647, "support": 24}, "1": {"precision": 0.7377049180327869, "recall": 0.8490566037735849, "f1-score": 0.7894736842105263, "support": 53}, "2": {"precision": 0.93, "recall": 0.5314285714285715, "f1-score": 0.6763636363636364, "support": 175}, "3": {"precision": 0.7138157894736842, "recall": 0.9041666666666667, "f1-score": 0.7977941176470589, "support": 240}, "4": {"precision": 0.0, "recall": 0.0, "f1-score": 0.0, "support": 2}, "accuracy": 0.7327935222672065, "macro avg": {"precision": 0.5245800035702597, "recall": 0.515263701707098, "f1-score": 0.5055564763234897, "support": 494}, "weighted avg": {"precision": 0.7671199465135582, "recall": 0.7327935222672065, "f1-score": 0.7247286487927083, "support": 494}}